Estatística;Valor
Média;81.24672672672673
Desvio padrão;41.889585638513175
Mediana;83.25
P(X > mediana);0.4994994994994995
P(média ± 2σ);1.0
Z teste (a);3.335903374087442
Z teste (b);2.8889770665299483
